{"cameraMode":{"drawMode":0,"name":"Shaded","section":"Shading Mode"},"sceneLighting":false,"audioPlay":false,"sceneViewState":{"showFog":true,"showMaterialUpdate":false,"showSkybox":false,"showFlares":true,"showImageEffects":true,"showParticleSystems":true},"in2DMode":false,"pivot":{"x":0.022837623953819276,"y":0.08224326372146607,"z":0.0},"rotation":{"x":0.010075469501316548,"y":0.6087311506271362,"z":0.007570359855890274,"w":-0.7933672070503235},"size":-0.1829981803894043,"orthographic":false}